url_path,views_total,views_unique
/christineklli/global-yield-impacts/tree/main/data,16,5
/christineklli/global-yield-impacts,13,10
/christineklli/global-yield-impacts/tree/main,12,4
/christineklli/global-yield-impacts/tree/main/results,11,6
/christineklli/global-yield-impacts/tree/main/results/figures,9,4
/christineklli/global-yield-impacts/tree/main/data/Food%20security%20data,7,3
/christineklli/global-yield-impacts/tree/main/processed,5,4
/christineklli/global-yield-impacts/blob/main/SuppData_adjusted_country_weighted_estimates_glmRS.xlsx,5,3
/christineklli/global-yield-impacts/tree/main/results/tables,4,3
/christineklli/global-yield-impacts/tree/main/results/figures/adjusted_predictions_gridded,4,2
